chr,bp38,rs,observed,dbsnp142annot,requested,"C57BL/6J","BALB/cJ",
8,123407122,"rs253791433","A/G","U5:Mc1r","Mc1r",G,G,
8,123407298,"rs213138590","A/G","U5:Mc1r","Mc1r",A,A,
8,123407329,"rs229903462","A/G","U5:Mc1r","Mc1r",G,G,
8,123407356,"rs250616397","A/G","U5:Mc1r","Mc1r",G,G,
8,123407379,"rs219526080","C/T","U5:Mc1r","Mc1r",T,T,
8,123407434,"rs233601353","C/G","U5:Mc1r","Mc1r",G,G,
8,123407482,"rs4227438","C/T","U5:Mc1r","Mc1r",A,A,
8,123407560,"rs49142779","C/T","Cs:Mc1r:N:17","Mc1r",T,T,
8,123407618,"rs4227436","A/G","Cn:Mc1r:SP:37","Mc1r",T,T,
8,123407644,"rs4227435","A/G","Cs:Mc1r:S:45","Mc1r",C,C,
8,123407647,"rs4227434","C/T","Cs:Mc1r:L:46","Mc1r",A,A,
8,123407715,,,"","Mc1r",C,C,
8,123407716,"rs240002130","A/G","Cs:Mc1r:S:69","Mc1r",G,G,
8,123407764,"rs4227433","C/T","Cs:Mc1r:V:85","Mc1r",A,A,
8,123407811,"rs4227432","A/G","Cn:Mc1r:AV:101","Mc1r",C,C,
8,123407815,"rs4227431","A/G","Cs:Mc1r:G:102","Mc1r",C,C,
8,123407816,"rs4227430","C/T","Cn:Mc1r:IV:103","Mc1r",A,A,
8,123407840,,,"","Mc1r",G,G,
8,123407890,"rs233819342","A/G","Cs:Mc1r:V:127","Mc1r",G,G,
8,123407938,"rs259198721","C/T","Cs:Mc1r:S:143","Mc1r",C,C,
8,123407983,"rs212820985","A/G","Cs:Mc1r:R:158","Mc1r",A,A,
8,123407988,"rs223346996","A/G","Cn:Mc1r:RQ:160","Mc1r",G,G,
8,123408064,"rs244459084","C/T","Cs:Mc1r:A:185","Mc1r",C,C,
8,123408096,"rs213815136","C/T","Cn:Mc1r:AV:196","Mc1r",C,C,
8,123408114,"rs48431356","C/T","Cn:Mc1r:AV:202","Mc1r",C,C,
8,123408115,"rs47579828","A/G","Cs:Mc1r:A:202","Mc1r",G,G,
8,123408124,"rs219225211","C/T","Cs:Mc1r:Y:205","Mc1r",T,T,
8,123408125,"rs239579944","A/G","Cn:Mc1r:AT:206","Mc1r",G,G,
8,123408210,"rs261745377","A/G","Cn:Mc1r:CY:234","Mc1r",G,G,
8,123408333,"rs218487845","C/T","Cn:Mc1r:FS:275","Mc1r",T,T,
8,123408372,"rs239989448","A/G","Cn:Mc1r:SN:288","Mc1r",G,G,
8,123408419,,,"","Mc1r",C,C,
8,123408467,"rs251503337","A/G","U3:Mc1r","Mc1r",G,G,
8,123408474,"rs219353995","A/G","U3:Mc1r","Mc1r",A,A,
8,123408489,"rs248701514","C/T","U3:Mc1r","Mc1r",T,T,
8,123408569,"rs263076096","A/G","U3:Mc1r","Mc1r",G,G,
8,123408583,"rs234555627","A/G","U3:Mc1r","Mc1r",A,A,
8,123408592,"rs246996069","G/T","U3:Mc1r","Mc1r",G,G,
8,123408647,,,"","Mc1r",C,C,
8,123408650,,,"","Mc1r",G,G,
8,123408743,"rs254561469","A/C","U3:Mc1r","Mc1r",A,A,
8,123408767,"rs586088427","C/T","U3:Mc1r","Mc1r",T,T,
8,123408846,"rs223526921","A/G","U3:Mc1r","Mc1r",G,G,
8,123408859,"rs244450677","C/T","U3:Mc1r","Mc1r",T,T,
8,123408868,"rs213559816","C/T","U3:Mc1r","Mc1r",T,T,
8,123408879,"rs232530777","A/G","U3:Mc1r","Mc1r",G,G,
8,123408888,"rs257427467","A/G","U3:Mc1r","Mc1r",A,A,
8,123408930,"rs219478352","A/G","U3:Mc1r","Mc1r",A,A,
8,123409003,,,"","Mc1r",T,T,
8,123409104,"rs242114036","C/T","U3:Mc1r","Mc1r",T,T,
8,123409171,"rs578929548","C/T","U3:Mc1r","Mc1r",C,C,
8,123409213,"rs256399173","A/G","U3:Mc1r","Mc1r",G,G,
8,123409216,"rs212434019","C/T","U3:Mc1r","Mc1r",C,C,
8,123409246,"rs233374677","C/T","U3:Mc1r","Mc1r",T,T,
8,123409256,"rs251447119","A/G","U3:Mc1r","Mc1r",A,A,
8,123409267,,,"","Mc1r",C,C,
8,123409270,,,"","Mc1r",T,T,
8,123409445,"rs222110902","A/G","U3:Mc1r","Mc1r",G,G,
8,123409528,,,"","Mc1r",C,C,
8,123409638,"rs245673561","A/C","U3:Mc1r","Mc1r",A,A,
8,123409655,"rs262751649","C/T","U3:Mc1r","Mc1r",C,C,
8,123409664,"rs226444530","C/T","U3:Mc1r","Mc1r",T,T,
8,123409723,,,"","Mc1r",A,A,
8,123409728,"rs249745231","A/C","U3:Mc1r","Mc1r",A,A,
8,123409770,"rs217931758","A/G","U3:Mc1r","Mc1r",G,G,
8,123409778,"rs238375283","C/T","U3:Mc1r","Mc1r",C,C,
8,123409891,"rs255384621","G/T","U3:Mc1r","Mc1r",T,T,
8,123409896,"rs46562323","C/T","U3:Mc1r","Mc1r",T,T,
8,123409923,"rs46744703","A/C","U3:Mc1r","Mc1r",C,C,
8,123409946,"rs266185736","C/G","U3:Mc1r","Mc1r",G,G,
8,123410000,,,"","Mc1r",A,A,
8,123410025,"rs233313800","A/G","U3:Mc1r","Mc1r",A,A,
8,123410042,"rs244337216","A/G","U3:Mc1r","Mc1r",G,G,
8,123410049,,,"","Mc1r",A,A,
8,123410062,,,"","Mc1r",C,C,
8,123410071,"rs212172152","G/T","U3:Mc1r","Mc1r",G,G,
8,123410201,"rs232967156","C/T","U3:Mc1r","Mc1r",C,C,
8,123410302,"rs51540820","A/G","U3:Mc1r","Mc1r",A,A,
8,123410372,"rs46357043","C/T","U3:Mc1r","Mc1r",C,C,
8,123410495,"rs240256195","A/T","U3:Mc1r","Mc1r",A,A,
8,123410501,"rs261135296","A/T","U3:Mc1r","Mc1r",A,A,
8,123410561,"rs47126818","A/G","U3:Mc1r","Mc1r",A,A,
8,123410625,"rs51386684","C/T","U3:Mc1r","Mc1r",T,T,

