chr,bp38,rs,observed,dbsnp142annot,requested,"C57BL/6J","DBA/2J",
4,80834242,"rs242508117","A/T","U5:Tyrp1","Tyrp1",A,A,
4,80834268,"rs224196022","A/T","U5:Tyrp1","Tyrp1",T,T,
4,80834276,"rs28091505","A/G","U5:Tyrp1","Tyrp1",G,G,
4,80834277,"rs226963306","A/G","U5:Tyrp1","Tyrp1",A,A,
4,80834335,"rs239317402","A/C","U5:Tyrp1","Tyrp1",C,C,
4,80834336,"rs259569984","A/G","U5:Tyrp1","Tyrp1",A,A,
4,80834365,"rs238888190","C/G","U5:Tyrp1","Tyrp1",G,G,
4,80834389,"rs28091504","A/G","U5:Tyrp1","Tyrp1",A,A,
4,80834428,"rs28091503","A/G","I:Tyrp1","Tyrp1",G,G,
4,80834433,"rs28091502","A/C","I:Tyrp1","Tyrp1",C,C,
4,80834500,"rs229030442","A/G","I:Tyrp1","Tyrp1",A,A,
4,80834552,"rs242219144","A/G","I:Tyrp1","Tyrp1",G,G,
4,80834578,"rs28091501","C/T","I:Tyrp1","Tyrp1",C,C,
4,80834625,"rs580986359","A/G","I:Tyrp1","Tyrp1",G,G,
4,80834647,"rs585046135","A/G","I:Tyrp1","Tyrp1",A,A,
4,80834671,"rs231374916","C/T","I:Tyrp1","Tyrp1",T,T,
4,80834691,"rs251959256","G/T","I:Tyrp1","Tyrp1",T,T,
4,80834706,"rs215988009","A/G","I:Tyrp1","Tyrp1",G,G,
4,80834713,"rs237966645","C/T","I:Tyrp1","Tyrp1",T,T,
4,80834745,"rs264290223","C/T","I:Tyrp1","Tyrp1",T,T,
4,80834747,"rs225978704","C/T","I:Tyrp1","Tyrp1",T,T,
4,80834748,"rs237449146","A/G","I:Tyrp1","Tyrp1",G,G,
4,80834817,"rs249876640","A/G","I:Tyrp1","Tyrp1",G,G,
4,80834824,"rs31751745","A/G","I:Tyrp1","Tyrp1",A,G,
4,80834825,"rs584076699","A/G","I:Tyrp1","Tyrp1",G,A,
4,80834839,"rs3022985","A/C","I:Tyrp1","Tyrp1",C,A,
4,80834927,"rs223713320","A/G","I:Tyrp1","Tyrp1",G,G,
4,80834938,"rs248045358","A/G","I:Tyrp1","Tyrp1",A,A,
4,80834953,"rs578983234","C/T","I:Tyrp1","Tyrp1",C,C,
4,80834954,"rs582917298","G/T","I:Tyrp1","Tyrp1",T,T,
4,80835092,"rs218585700","C/T","Cn:Tyrp1:LF:7","Tyrp1",C,C,
4,80835113,"rs228477526","C/T","Cn:Tyrp1:LF:14","Tyrp1",C,C,
4,80835122,"rs242140309","A/G","Cn:Tyrp1:MV:17","Tyrp1",A,A,
4,80835402,"rs28091500","A/G","Cn:Tyrp1:CY:110","Tyrp1",G,A,
4,80835480,"rs28091499","A/G","I:Tyrp1","Tyrp1",A,A,
4,80835588,"rs245919898","C/T","I:Tyrp1","Tyrp1",T,T,
4,80835661,"rs31798005","A/G","I:Tyrp1","Tyrp1",G,A,
4,80835663,"rs240028421","A/G","I:Tyrp1","Tyrp1",A,A,
4,80835675,"rs254791630","C/T","I:Tyrp1","Tyrp1",T,T,
4,80835695,"rs218241656","A/G","I:Tyrp1","Tyrp1",G,G,
4,80835709,"rs235572708","G/T","I:Tyrp1","Tyrp1",G,G,
4,80835712,"rs249837488","A/G","I:Tyrp1","Tyrp1",G,G,
4,80835728,"rs220533875","A/G","I:Tyrp1","Tyrp1",A,A,
4,80835732,,,"","Tyrp1",A,A,
4,80835764,"rs232133314","C/G","I:Tyrp1","Tyrp1",C,C,
4,80835767,"rs253906382","C/G","I:Tyrp1","Tyrp1",G,G,
4,80835799,"rs224584691","A/T","I:Tyrp1","Tyrp1",T,T,
4,80835844,"rs32685820","C/T","I:Tyrp1","Tyrp1",T,C,
4,80835896,"rs263865832","C/T","I:Tyrp1","Tyrp1",T,T,
4,80835897,"rs220728806","A/C","I:Tyrp1","Tyrp1",A,A,
4,80835911,"rs235675837","A/G","I:Tyrp1","Tyrp1",G,G,
4,80835938,,,"","Tyrp1",A,A,
4,80835957,"rs256049635","C/T","I:Tyrp1","Tyrp1",T,T,
4,80835968,"rs225099146","G/T","I:Tyrp1","Tyrp1",T,T,
4,80835995,"rs245884093","A/G","I:Tyrp1","Tyrp1",G,G,
4,80835998,"rs32544046","A/C","I:Tyrp1","Tyrp1",C,A,
4,80835999,,,"","Tyrp1",G,G,
4,80836036,"rs233826446","C/T","I:Tyrp1","Tyrp1",C,C,
4,80836107,"rs259217085","A/G","I:Tyrp1","Tyrp1",G,G,
4,80836149,"rs218126255","A/G","I:Tyrp1","Tyrp1",A,A,
4,80836218,"rs28091498","A/T","I:Tyrp1","Tyrp1",T,T,
4,80836235,"rs243652950","A/T","I:Tyrp1","Tyrp1",T,T,
4,80836239,"rs28091497","A/G","I:Tyrp1","Tyrp1",G,A,
4,80836290,"rs28091496","G/T","I:Tyrp1","Tyrp1",T,G,
4,80836435,"rs32473969","A/G","I:Tyrp1","Tyrp1",A,G,
4,80836439,"rs585982313","G/T","I:Tyrp1","Tyrp1",G,G,
4,80836442,"rs31922263","A/C/T","I:Tyrp1","Tyrp1",T,A,
4,80836449,"rs240689642","C/T","I:Tyrp1","Tyrp1",T,T,
4,80836456,"rs33001235","A/G","I:Tyrp1","Tyrp1",A,G,
4,80836462,"rs221000309","C/T","I:Tyrp1","Tyrp1",C,C,
4,80836484,"rs581825467","A/C","I:Tyrp1","Tyrp1",A,A,
4,80836492,"rs28091495","A/G","I:Tyrp1","Tyrp1",A,G,
4,80836504,,,"","Tyrp1",G,G,
4,80836521,"rs250238498","A/G","I:Tyrp1","Tyrp1",G,G,
4,80836600,"rs219194377","C/T","I:Tyrp1","Tyrp1",T,T,
4,80836631,"rs239829467","C/T","I:Tyrp1","Tyrp1",T,T,
4,80836703,"rs263104150","A/C","I:Tyrp1","Tyrp1",A,A,
4,80836759,"rs234898791","A/T","I:Tyrp1","Tyrp1",T,T,
4,80836760,"rs247411779","A/C","I:Tyrp1","Tyrp1",A,A,
4,80836771,"rs264857730","C/G","I:Tyrp1","Tyrp1",G,G,
4,80836799,"rs225003748","C/T","I:Tyrp1","Tyrp1",T,T,
4,80836883,"rs243617022","C/T","I:Tyrp1","Tyrp1",T,T,
4,80836970,"rs214534931","A/C","I:Tyrp1","Tyrp1",A,A,
4,80837179,"rs225941372","A/T","I:Tyrp1","Tyrp1",T,T,
4,80837193,"rs258510597","A/G","I:Tyrp1","Tyrp1",G,G,
4,80837196,"rs216043190","G/T","I:Tyrp1","Tyrp1",T,T,
4,80837205,"rs243396064","A/T","I:Tyrp1","Tyrp1",A,A,
4,80837220,"rs260523340","A/C","I:Tyrp1","Tyrp1",A,A,
4,80837282,"rs213278935","A/C","I:Tyrp1","Tyrp1",A,A,
4,80837313,"rs586704636","A/G","I:Tyrp1","Tyrp1",A,A,
4,80837317,"rs581178114","C/G","I:Tyrp1","Tyrp1",G,G,
4,80837365,,,"","Tyrp1",C,C,
4,80837440,,,"","Tyrp1",G,G,
4,80837448,"rs28091494","A/G","Cs:Tyrp1:A:151","Tyrp1",G,G,
4,80837516,"rs250159132","A/G","Cn:Tyrp1:GD:174","Tyrp1",G,G,
4,80837622,"rs219117608","G/T","Cs:Tyrp1:G:209","Tyrp1",G,G,
4,80837649,,,"","Tyrp1",C,C,
4,80837661,"rs28091493","A/G","Cs:Tyrp1:T:222","Tyrp1",A,A,
4,80837711,"rs28091492","A/G","I:Tyrp1","Tyrp1",G,G,
4,80837732,"rs32995149","G/T","I:Tyrp1","Tyrp1",T,T,
4,80837760,,,"","Tyrp1",C,C,
4,80837766,"rs249991421","C/T","I:Tyrp1","Tyrp1",T,T,
4,80837776,"rs261917849","C/T","I:Tyrp1","Tyrp1",T,T,
4,80837808,,,"","Tyrp1",C,C,
4,80837862,"rs28091491","A/C","I:Tyrp1","Tyrp1",A,A,
4,80837865,"rs239722962","A/G","I:Tyrp1","Tyrp1",G,G,
4,80837920,"rs258386393","A/G","I:Tyrp1","Tyrp1",A,A,
4,80837979,"rs225902337","A/G","I:Tyrp1","Tyrp1",G,G,
4,80837995,"rs578561864","A/C","I:Tyrp1","Tyrp1",C,C,
4,80838037,,,"","Tyrp1",C,C,
4,80838046,"rs253291308","A/G","I:Tyrp1","Tyrp1",A,A,
4,80838059,"rs216380612","C/G","I:Tyrp1","Tyrp1",G,G,
4,80838111,"rs234102673","G/T","I:Tyrp1","Tyrp1",T,T,
4,80838133,"rs259521722","G/T","I:Tyrp1","Tyrp1",G,G,
4,80838198,"rs581247603","C/G","I:Tyrp1","Tyrp1",C,C,
4,80838204,,,"","Tyrp1",T,T,
4,80838324,"rs213200972","A/C","I:Tyrp1","Tyrp1",C,C,
4,80838340,"rs230318013","C/T","I:Tyrp1","Tyrp1",C,C,
4,80838360,,,"","Tyrp1",G,G,
4,80838441,"rs28091490","A/C","I:Tyrp1","Tyrp1",C,C,
4,80838463,"rs213341089","G/T","I:Tyrp1","Tyrp1",G,G,
4,80838469,"rs584736308","G/T","I:Tyrp1","Tyrp1",G,G,
4,80838545,"rs240593872","A/C","I:Tyrp1","Tyrp1",A,A,
4,80838546,,,"","Tyrp1",G,G,
4,80838576,"rs258379223","A/G","I:Tyrp1","Tyrp1",G,G,
4,80838594,"rs226903837","C/T","I:Tyrp1","Tyrp1",T,T,
4,80838621,,,"","Tyrp1",A,A,
4,80838667,"rs239331309","C/G","I:Tyrp1","Tyrp1",G,G,
4,80838679,"rs250291842","A/G","I:Tyrp1","Tyrp1",G,G,
4,80838718,"rs579317069","A/T","I:Tyrp1","Tyrp1",T,T,
4,80838811,"rs218075071","A/G","I:Tyrp1","Tyrp1",A,A,
4,80838852,"rs239677800","C/T","I:Tyrp1","Tyrp1",C,C,
4,80838867,"rs257559464","A/G","I:Tyrp1","Tyrp1",G,G,
4,80838893,,,"","Tyrp1",C,C,
4,80838894,"rs219600202","A/G","I:Tyrp1","Tyrp1",G,G,
4,80838895,"rs249225455","C/T","I:Tyrp1","Tyrp1",C,C,
4,80838908,"rs263254769","C/T","I:Tyrp1","Tyrp1",T,T,
4,80838924,"rs235130953","A/T","I:Tyrp1","Tyrp1",A,A,
4,80839016,"rs254127074","C/T","I:Tyrp1","Tyrp1",C,C,
4,80839035,"rs582722141","C/T","I:Tyrp1","Tyrp1",C,C,
4,80839045,,,"","Tyrp1",C,C,
4,80839049,,,"","Tyrp1",T,T,
4,80839082,"rs585600700","A/G","I:Tyrp1","Tyrp1",A,A,
4,80839090,"rs578385926","A/C","I:Tyrp1","Tyrp1",A,A,
4,80839097,"rs582425144","C/T","I:Tyrp1","Tyrp1",C,C,
4,80839109,"rs254859829","C/T","I:Tyrp1","Tyrp1",C,C,
4,80839166,"rs28091489","A/G","I:Tyrp1","Tyrp1",G,A,
4,80839224,"rs244852740","A/G","I:Tyrp1","Tyrp1",A,A,
4,80839383,"rs28091488","A/G","I:Tyrp1","Tyrp1",G,A,
4,80839410,"rs28091487","G/T","I:Tyrp1","Tyrp1",T,T,
4,80839473,"rs28091486","A/G","I:Tyrp1","Tyrp1",G,G,
4,80839474,"rs218763429","C/T","I:Tyrp1","Tyrp1",C,C,
4,80839522,"rs28091485","C/T","I:Tyrp1","Tyrp1",C,C,
4,80839537,"rs250243270","C/T","I:Tyrp1","Tyrp1",T,T,
4,80839539,"rs218034270","C/G","I:Tyrp1","Tyrp1",G,G,
4,80839561,,,"","Tyrp1",A,A,
4,80839624,"rs232651792","G/T","I:Tyrp1","Tyrp1",T,T,
4,80839648,"rs251171108","G/T","I:Tyrp1","Tyrp1",T,T,
4,80839658,"rs225206256","A/G","I:Tyrp1","Tyrp1",G,G,
4,80839706,"rs245249319","A/G","I:Tyrp1","Tyrp1",A,A,
4,80839708,"rs265519924","C/T","I:Tyrp1","Tyrp1",T,T,
4,80839770,"rs226841555","A/G","I:Tyrp1","Tyrp1",A,A,
4,80839818,"rs28091484","A/C","I:Tyrp1","Tyrp1",C,A,
4,80839862,"rs28091483","A/T","I:Tyrp1","Tyrp1",T,T,
4,80839969,"rs236025638","A/C","I:Tyrp1","Tyrp1",C,C,
4,80840009,"rs223685058","A/C","I:Tyrp1","Tyrp1",A,A,
4,80840038,,,"","Tyrp1",T,T,
4,80840263,"rs260075642","A/C","I:Tyrp1","Tyrp1",A,A,
4,80840296,"rs221987049","A/C","I:Tyrp1","Tyrp1",C,C,
4,80840302,"rs233533176","A/G","I:Tyrp1","Tyrp1",G,G,
4,80840353,"rs252732284","C/T","I:Tyrp1","Tyrp1",T,T,
4,80840380,"rs246535349","A/G","I:Tyrp1","Tyrp1",G,G,
4,80840402,"rs31952031","A/G","I:Tyrp1","Tyrp1",G,A,
4,80840409,"rs244017960","C/T","I:Tyrp1","Tyrp1",C,C,
4,80840463,"rs211858276","A/G","I:Tyrp1","Tyrp1",G,G,
4,80840497,"rs232606894","C/T","I:Tyrp1","Tyrp1",C,C,
4,80840573,"rs251090304","A/G","I:Tyrp1","Tyrp1",G,G,
4,80840677,"rs216574964","C/T","Cs:Tyrp1:T:262","Tyrp1",T,T,
4,80840707,"rs28091482","C/T","Cs:Tyrp1:F:272","Tyrp1",C,T,
4,80840863,,,"","Tyrp1",C,C,
4,80840870,"rs260902316","C/G","I:Tyrp1","Tyrp1",G,G,
4,80840895,"rs32870137","C/T","I:Tyrp1","Tyrp1",T,C,
4,80840915,"rs28091481","A/G","I:Tyrp1","Tyrp1",A,A,
4,80840921,"rs249036413","A/T","I:Tyrp1","Tyrp1",T,T,
4,80840927,"rs218132497","A/G","I:Tyrp1","Tyrp1",G,G,
4,80840939,"rs238583793","A/G","I:Tyrp1","Tyrp1",G,G,
4,80840959,"rs265140082","A/C","I:Tyrp1","Tyrp1",C,C,
4,80840960,"rs28091480","A/G/T","I:Tyrp1","Tyrp1",T,A,
4,80840961,"rs248398049","A/G","I:Tyrp1","Tyrp1",G,G,
4,80841015,"rs264605433","C/T","I:Tyrp1","Tyrp1",C,C,
4,80841018,"rs32655077","G/T","I:Tyrp1","Tyrp1",T,G,
4,80841021,"rs243995239","A/G","I:Tyrp1","Tyrp1",G,G,
4,80841073,"rs211770860","C/T","I:Tyrp1","Tyrp1",T,T,
4,80841104,"rs226338372","G/T","I:Tyrp1","Tyrp1",G,G,
4,80841178,"rs244821472","C/T","I:Tyrp1","Tyrp1",C,C,
4,80841182,"rs217009083","A/G","I:Tyrp1","Tyrp1",G,G,
4,80841190,"rs237756423","A/G","I:Tyrp1","Tyrp1",A,A,
4,80841197,"rs264180348","A/G","I:Tyrp1","Tyrp1",A,A,
4,80841200,"rs28091479","A/G","I:Tyrp1","Tyrp1",A,G,
4,80841239,,,"","Tyrp1",A,A,
4,80841240,,,"","Tyrp1",T,T,
4,80841257,"rs234362242","C/G","I:Tyrp1","Tyrp1",C,C,
4,80841270,"rs248968145","A/G","I:Tyrp1","Tyrp1",A,A,
4,80841334,"rs28091478","A/C","I:Tyrp1","Tyrp1",C,C,
4,80841361,"rs238543943","A/G","I:Tyrp1","Tyrp1",G,G,
4,80841412,"rs257296145","A/C","I:Tyrp1","Tyrp1",C,C,
4,80841448,"rs225468383","A/G","I:Tyrp1","Tyrp1",G,G,
4,80841449,"rs245651847","A/G","I:Tyrp1","Tyrp1",G,G,
4,80841466,"rs50563237","G/T","I:Tyrp1","Tyrp1",T,G,
4,80841482,"rs50424770","C/G","I:Tyrp1","Tyrp1",C,G,
4,80841524,"rs28091477","A/T","I:Tyrp1","Tyrp1",A,T,
4,80841525,,,"","Tyrp1",T,T,
4,80841626,"rs255719177","A/T","I:Tyrp1","Tyrp1",A,A,
4,80841670,"rs226301526","C/T","I:Tyrp1","Tyrp1",T,C,
4,80841671,"rs254905324","C/T","I:Tyrp1","Tyrp1",C,T,
4,80841674,"rs226263384","A/C/G","I:Tyrp1","Tyrp1",G,C,
4,80841714,"rs263459053","A/G","I:Tyrp1","Tyrp1",A,G,
4,80841716,"rs231935984","A/G","I:Tyrp1","Tyrp1",G,A,
4,80841718,"rs254614329","A/G","I:Tyrp1","Tyrp1",A,G,
4,80841731,"rs46577150","C/T","I:Tyrp1","Tyrp1",C,T,
4,80841762,"rs28091476","C/T","I:Tyrp1 U3:Tyrp1","Tyrp1",C,T,
4,80841894,,,"","Tyrp1",C,C,
4,80841913,"rs52438365","C/T","I:Tyrp1","Tyrp1",T,,
4,80841970,"rs52567848","A/G","I:Tyrp1","Tyrp1",A,A,
4,80842020,"rs242322989","C/T","I:Tyrp1","Tyrp1",T,T,
4,80842021,"rs212146660","A/G","I:Tyrp1","Tyrp1",G,G,
4,80842056,"rs232201984","C/T","I:Tyrp1","Tyrp1",T,T,
4,80842113,"rs262090899","A/T","I:Tyrp1","Tyrp1",T,T,
4,80842132,"rs46515789","C/G","I:Tyrp1","Tyrp1",C,G,
4,80842183,"rs240228342","C/T","I:Tyrp1","Tyrp1",T,T,
4,80842250,"rs28091475","C/G","I:Tyrp1","Tyrp1",G,G,
4,80842286,"rs223010887","A/G","I:Tyrp1","Tyrp1",G,G,
4,80842298,"rs238444156","C/T","I:Tyrp1","Tyrp1",C,C,
4,80842302,"rs256382271","C/T","I:Tyrp1","Tyrp1",T,T,
4,80842304,"rs219939481","C/T","I:Tyrp1","Tyrp1",T,T,
4,80842309,"rs242764868","C/G/T","I:Tyrp1","Tyrp1",C,C,
4,80842310,"rs265648075","A/G","I:Tyrp1","Tyrp1",A,A,
4,80842333,"rs231429002","C/T","I:Tyrp1","Tyrp1",T,T,
4,80842336,"rs259936842","A/T","I:Tyrp1","Tyrp1",T,T,
4,80842341,"rs258833644","C/T","I:Tyrp1","Tyrp1",C,C,
4,80842353,"rs224270299","C/T","I:Tyrp1","Tyrp1",C,C,
4,80842354,"rs242245659","A/C","I:Tyrp1","Tyrp1",A,A,
4,80842393,"rs214384150","C/T","I:Tyrp1","Tyrp1",C,C,
4,80842495,"rs28091474","C/T","I:Tyrp1","Tyrp1",T,T,
4,80842546,"rs250764770","A/C","I:Tyrp1","Tyrp1",C,C,
4,80842556,"rs217314864","C/T","I:Tyrp1","Tyrp1",T,T,
4,80842557,"rs238047682","A/G","I:Tyrp1","Tyrp1",G,G,
4,80842613,"rs28091473","A/G","I:Tyrp1","Tyrp1",G,G,
4,80842625,"rs222916212","A/C","I:Tyrp1","Tyrp1",C,C,
4,80842642,"rs231009703","G/T","I:Tyrp1","Tyrp1",G,G,
4,80842686,"rs249968654","A/G","I:Tyrp1","Tyrp1",G,G,
4,80842741,"rs220652215","C/T","I:Tyrp1","Tyrp1",T,T,
4,80842750,"rs51817845","A/G","I:Tyrp1","Tyrp1",G,A,
4,80842760,,,"","Tyrp1",A,A,
4,80842762,,,"","Tyrp1",A,A,
4,80842764,,,"","Tyrp1",A,A,
4,80842766,,,"","Tyrp1",A,A,
4,80842768,,,"","Tyrp1",A,A,
4,80842830,"rs246425859","A/G","I:Tyrp1","Tyrp1",A,A,
4,80842904,"rs259080858","A/C","I:Tyrp1","Tyrp1",A,A,
4,80842907,"rs28091472","A/T","I:Tyrp1","Tyrp1",T,T,
4,80842915,"rs248125808","C/T","I:Tyrp1","Tyrp1",C,C,
4,80842990,"rs258721388","G/T","I:Tyrp1","Tyrp1",G,G,
4,80843056,"rs224173038","A/T","I:Tyrp1","Tyrp1",T,T,
4,80843057,"rs235767094","A/G","I:Tyrp1","Tyrp1",G,G,
4,80843087,"rs585964463","C/T","I:Tyrp1","Tyrp1",C,C,
4,80843088,"rs256203451","A/G","I:Tyrp1","Tyrp1",A,A,
4,80843095,"rs229885968","A/G","I:Tyrp1","Tyrp1",A,A,
4,80843102,,,"","Tyrp1",T,T,
4,80843107,"rs258272806","C/T","I:Tyrp1","Tyrp1",T,T,
4,80843117,"rs216782777","A/G","I:Tyrp1","Tyrp1",G,G,
4,80843165,"rs28091471","C/T","I:Tyrp1","Tyrp1",C,T,
4,80843172,"rs28091470","A/G","I:Tyrp1","Tyrp1",A,A,
4,80843230,"rs28091469","A/C","I:Tyrp1","Tyrp1",C,C,
4,80843269,"rs230957991","C/T","I:Tyrp1","Tyrp1",C,C,
4,80843324,"rs249868669","C/T","I:Tyrp1","Tyrp1",T,T,
4,80843325,"rs214694452","A/G","I:Tyrp1","Tyrp1",G,G,
4,80843364,"rs236549394","A/T","I:Tyrp1","Tyrp1",A,A,
4,80843414,"rs28091468","C/T","I:Tyrp1","Tyrp1",C,C,
4,80843430,"rs223860937","C/T","I:Tyrp1","Tyrp1",C,C,
4,80843440,"rs250773136","C/G","I:Tyrp1","Tyrp1",C,C,
4,80843483,"rs252424670","C/T","I:Tyrp1","Tyrp1",T,T,
4,80843503,"rs218481529","C/T","I:Tyrp1","Tyrp1",T,T,
4,80843547,"rs235723921","C/T","I:Tyrp1","Tyrp1",T,T,
4,80843644,"rs28091467","C/T","I:Tyrp1","Tyrp1",T,T,
4,80843653,,,"","Tyrp1",A,A,
4,80843702,"rs230117765","C/T","I:Tyrp1","Tyrp1",C,C,
4,80843761,"rs246321257","C/T","I:Tyrp1","Tyrp1",C,C,
4,80843791,"rs28091466","A/T","I:Tyrp1","Tyrp1",A,A,
4,80843831,,,"","Tyrp1",A,A,
4,80843890,,,"","Tyrp1",G,G,
4,80843891,"rs231689150","A/G","I:Tyrp1","Tyrp1",A,A,
4,80844054,"rs248908077","A/G","I:Tyrp1","Tyrp1",G,G,
4,80844098,"rs28091465","G/T","I:Tyrp1","Tyrp1",T,T,
4,80844112,"rs28091464","C/T","I:Tyrp1","Tyrp1",T,T,
4,80844160,"rs243729439","C/G","I:Tyrp1","Tyrp1",G,G,
4,80844185,"rs215067295","A/G","I:Tyrp1","Tyrp1",A,A,
4,80844197,"rs238436223","A/G","I:Tyrp1","Tyrp1",A,A,
4,80844205,"rs259793158","A/T","I:Tyrp1","Tyrp1",A,A,
4,80844255,"rs216655010","A/G","I:Tyrp1","Tyrp1",A,A,
4,80844277,"rs32985635","A/G","I:Tyrp1","Tyrp1",A,G,
4,80844302,"rs252360120","A/G","I:Tyrp1","Tyrp1",G,G,
4,80844341,"rs28091463","C/T","I:Tyrp1","Tyrp1",C,C,
4,80844354,,,"","Tyrp1",C,C,
4,80844411,"rs580468260","G/T","I:Tyrp1","Tyrp1",T,T,
4,80844413,"rs583920388","A/G","I:Tyrp1","Tyrp1",A,A,
4,80844466,,,"","Tyrp1",A,A,
4,80844471,"rs229744462","C/T","I:Tyrp1","Tyrp1",C,C,
4,80844497,"rs250270329","C/T","I:Tyrp1","Tyrp1",T,T,
4,80844508,"rs222403223","C/T","I:Tyrp1","Tyrp1",T,T,
4,80844510,"rs248807875","C/T","I:Tyrp1","Tyrp1",C,C,
4,80844529,"rs263151508","A/G","I:Tyrp1","Tyrp1",A,A,
4,80844552,"rs227096644","A/C","I:Tyrp1","Tyrp1",A,A,
4,80844574,"rs242007531","A/C/T","I:Tyrp1","Tyrp1",C,C,
4,80844575,"rs260687582","A/G","I:Tyrp1","Tyrp1",G,G,
4,80844578,"rs225090318","G/T","I:Tyrp1","Tyrp1",G,G,
4,80844605,"rs243643104","A/T","I:Tyrp1","Tyrp1",A,A,
4,80844608,"rs265336518","A/T","I:Tyrp1","Tyrp1",A,A,
4,80844669,"rs230283880","C/T","I:Tyrp1","Tyrp1",T,T,
4,80844688,"rs258631058","C/T","I:Tyrp1","Tyrp1",C,C,
4,80844717,"rs216085558","A/G","I:Tyrp1","Tyrp1",A,A,
4,80844739,"rs235504656","A/T","I:Tyrp1","Tyrp1",A,A,
4,80844755,"rs28091462","A/G","I:Tyrp1","Tyrp1",A,G,
4,80844764,"rs212515081","C/T","I:Tyrp1","Tyrp1",C,C,
4,80844854,"rs28091461","A/G","Cn:Tyrp1:RH:326","Tyrp1",G,A,
4,80844873,"rs257609943","C/T","Cs:Tyrp1:D:332","Tyrp1",T,T,
4,80845012,"rs28091460","A/G","I:Tyrp1","Tyrp1",A,A,
4,80845064,"rs28091459","A/G","I:Tyrp1","Tyrp1",G,G,
4,80845072,"rs262821600","A/G","I:Tyrp1","Tyrp1",A,A,
4,80845142,"rs226606874","A/G","I:Tyrp1","Tyrp1",A,A,
4,80845251,"rs241972084","A/C","I:Tyrp1","Tyrp1",C,C,
4,80845316,"rs28091458","C/T","I:Tyrp1","Tyrp1",C,C,
4,80845335,"rs218893887","G/T","I:Tyrp1","Tyrp1",G,G,
4,80845353,,,"","Tyrp1",G,G,
4,80845483,"rs586900328","C/T","I:Tyrp1","Tyrp1",C,C,
4,80845561,"rs237278566","A/G","I:Tyrp1","Tyrp1",A,,
4,80845576,"rs52394283","C/T","I:Tyrp1","Tyrp1",C,,
4,80845672,"rs230396690","C/T","I:Tyrp1","Tyrp1",C,C,
4,80845699,,,"","Tyrp1",G,G,
4,80845706,"rs253373725","A/G","I:Tyrp1","Tyrp1",A,A,
4,80845714,"rs28091457","A/G","I:Tyrp1","Tyrp1",A,A,
4,80845786,"rs28091456","A/G","I:Tyrp1","Tyrp1",G,G,
4,80845799,"rs247013704","C/T","I:Tyrp1","Tyrp1",C,C,
4,80845855,"rs28091455","C/G","I:Tyrp1","Tyrp1",G,G,
4,80845876,"rs229627215","A/T","I:Tyrp1","Tyrp1",T,T,
4,80846034,"rs255840620","C/T","I:Tyrp1","Tyrp1",C,C,
4,80846048,"rs213397855","G/T","I:Tyrp1","Tyrp1",G,G,
4,80846049,"rs240697417","A/G","I:Tyrp1","Tyrp1",A,A,
4,80846075,"rs258473042","A/G","I:Tyrp1","Tyrp1",A,A,
4,80846087,"rs217254168","C/T","I:Tyrp1","Tyrp1",T,T,
4,80846090,"rs235436437","A/G","I:Tyrp1","Tyrp1",G,G,
4,80846101,"rs250373573","A/G","I:Tyrp1","Tyrp1",A,A,
4,80846104,"rs218151908","A/G","I:Tyrp1","Tyrp1",G,G,
4,80846132,"rs28091454","C/T","I:Tyrp1","Tyrp1",C,C,
4,80846144,"rs262480768","C/T","I:Tyrp1","Tyrp1",C,C,
4,80846174,"rs579587302","C/T","I:Tyrp1","Tyrp1",C,C,
4,80846175,"rs222693636","G/T","I:Tyrp1","Tyrp1",T,T,
4,80846179,"rs249267091","C/T","I:Tyrp1","Tyrp1",T,T,
4,80846209,"rs28091453","G/T","I:Tyrp1","Tyrp1",G,G,
4,80846211,"rs229446383","C/G","I:Tyrp1","Tyrp1",C,C,
4,80846214,"rs241101850","A/G","I:Tyrp1","Tyrp1",G,G,
4,80846256,"rs254896086","C/T","I:Tyrp1","Tyrp1",T,T,
4,80846283,"rs223833761","A/G","I:Tyrp1","Tyrp1",G,G,
4,80846324,"rs28091452","A/G","I:Tyrp1","Tyrp1",A,A,
4,80846343,"rs213811042","C/T","I:Tyrp1","Tyrp1",C,C,
4,80846415,"rs232088337","A/G","I:Tyrp1","Tyrp1",G,G,
4,80846420,"rs256920426","C/T","I:Tyrp1","Tyrp1",C,C,
4,80846432,"rs217216523","A/G","I:Tyrp1","Tyrp1",G,G,
4,80846449,"rs28091451","G/T","I:Tyrp1","Tyrp1",G,G,
4,80846468,"rs250281573","C/G","I:Tyrp1","Tyrp1",C,C,
4,80846489,"rs211975463","G/T","I:Tyrp1","Tyrp1",G,G,
4,80846522,"rs238977475","G/T","I:Tyrp1","Tyrp1",G,G,
4,80846557,"rs28091450","A/T","I:Tyrp1","Tyrp1",A,A,
4,80846558,"rs222162671","C/T","I:Tyrp1","Tyrp1",C,C,
4,80846568,"rs246539182","C/T","I:Tyrp1","Tyrp1",T,T,
4,80846650,"rs251370811","A/G","Cs:Tyrp1:T:387","Tyrp1",G,G,
4,80846725,"rs222851447","C/T","Cs:Tyrp1:D:412","Tyrp1",C,C,
4,80846740,"rs28091449","A/G","Cs:Tyrp1:R:417","Tyrp1",G,A,
4,80846779,"rs254859866","A/G","I:Tyrp1","Tyrp1",G,G,
4,80846864,"rs28091448","G/T","I:Tyrp1","Tyrp1",T,G,
4,80846877,"rs247247786","C/T","I:Tyrp1","Tyrp1",T,T,
4,80846935,"rs583026751","A/C","I:Tyrp1","Tyrp1",C,C,
4,80846940,"rs587104064","A/G","I:Tyrp1","Tyrp1",A,A,
4,80846950,,,"","Tyrp1",T,T,
4,80846966,"rs580931474","A/C","I:Tyrp1","Tyrp1",A,A,
4,80846984,"rs262568121","A/T","I:Tyrp1","Tyrp1",T,T,
4,80847003,"rs232668386","C/T","I:Tyrp1","Tyrp1",C,C,
4,80847004,"rs28091447","G/T","I:Tyrp1","Tyrp1",G,G,
4,80847006,"rs251975429","A/G","I:Tyrp1","Tyrp1",A,A,
4,80847025,"rs217120648","A/G","I:Tyrp1","Tyrp1",G,G,
4,80847033,,,"","Tyrp1",C,C,
4,80847106,"rs228409519","A/C","I:Tyrp1","Tyrp1",C,C,
4,80847116,"rs28091446","A/G/T","I:Tyrp1","Tyrp1",A,G,
4,80847139,"rs587191781","C/T","I:Tyrp1","Tyrp1",C,C,
4,80847205,"rs28091445","A/G","I:Tyrp1","Tyrp1",A,A,
4,80847219,"rs236883800","C/T","I:Tyrp1","Tyrp1",C,C,
4,80847242,"rs255197367","A/G","I:Tyrp1","Tyrp1",G,G,
4,80847290,"rs216677648","A/C","I:Tyrp1","Tyrp1",A,A,
4,80847304,"rs239971297","A/C","I:Tyrp1","Tyrp1",C,C,
4,80847315,"rs251281419","A/G","I:Tyrp1","Tyrp1",G,G,
4,80847326,"rs222813025","C/T","I:Tyrp1","Tyrp1",T,T,
4,80847335,"rs234530622","A/G","I:Tyrp1","Tyrp1",G,G,
4,80847336,"rs32344615","C/G","I:Tyrp1","Tyrp1",G,C,
4,80847361,"rs220380779","A/G/T","I:Tyrp1","Tyrp1",T,T,
4,80847382,"rs28091444","A/G","I:Tyrp1","Tyrp1",A,A,
4,80847513,"rs265162989","G/T","I:Tyrp1","Tyrp1",G,G,
4,80847541,"rs581618508","A/G","I:Tyrp1","Tyrp1",A,A,
4,80847565,"rs225309821","G/T","I:Tyrp1","Tyrp1",G,G,
4,80847595,"rs240920312","A/G","I:Tyrp1","Tyrp1",A,A,
4,80847605,"rs261005816","C/T","I:Tyrp1","Tyrp1",T,T,
4,80847616,"rs228369127","A/G","I:Tyrp1","Tyrp1",A,A,
4,80847627,"rs244028513","C/T","I:Tyrp1","Tyrp1",C,C,
4,80847631,"rs255835022","A/G","I:Tyrp1","Tyrp1",A,A,
4,80847640,"rs230999320","C/T","I:Tyrp1","Tyrp1",C,C,
4,80847645,"rs250563190","C/T","I:Tyrp1","Tyrp1",T,T,
4,80847655,"rs217055910","C/T","I:Tyrp1","Tyrp1",C,C,
4,80847657,"rs237846716","G/T","I:Tyrp1","Tyrp1",T,T,
4,80847680,"rs247463975","A/C","I:Tyrp1","Tyrp1",A,A,
4,80847717,"rs217337100","A/G","I:Tyrp1","Tyrp1",G,G,
4,80847726,"rs234435483","A/G","I:Tyrp1","Tyrp1",G,G,
4,80847727,"rs31940354","A/T","I:Tyrp1","Tyrp1",T,A,
4,80847759,"rs220680509","C/G","I:Tyrp1","Tyrp1",G,G,
4,80847809,"rs239221405","C/T","I:Tyrp1","Tyrp1",C,C,
4,80847816,"rs28091443","C/T","I:Tyrp1","Tyrp1",T,T,
4,80847833,"rs225580132","C/T","I:Tyrp1","Tyrp1",C,C,
4,80847858,"rs240884278","C/T","I:Tyrp1","Tyrp1",C,C,
4,80847868,"rs261569269","C/T","I:Tyrp1","Tyrp1",T,T,
4,80847914,"rs222301898","A/G","I:Tyrp1","Tyrp1",G,G,
4,80847950,"rs237765261","C/T","I:Tyrp1","Tyrp1",C,C,
4,80847958,"rs579138092","C/T","I:Tyrp1","Tyrp1",C,C,
4,80847959,"rs582027007","A/G","I:Tyrp1","Tyrp1",G,G,
4,80848008,"rs264506662","C/G","I:Tyrp1","Tyrp1",C,C,
4,80848080,"rs230684853","C/T","I:Tyrp1","Tyrp1",T,T,
4,80848104,"rs255010994","C/T","I:Tyrp1","Tyrp1",C,C,
4,80848114,,,"","Tyrp1",A,A,
4,80848150,"rs263504210","C/T","I:Tyrp1","Tyrp1",C,C,
4,80848160,"rs226730002","A/G","I:Tyrp1","Tyrp1",A,A,
4,80848196,"rs247371118","A/G","I:Tyrp1","Tyrp1",G,G,
4,80848258,"rs216666115","A/G","I:Tyrp1","Tyrp1",G,G,
4,80848292,"rs228482232","A/G","I:Tyrp1","Tyrp1",G,G,
4,80848304,"rs243122402","C/G","I:Tyrp1","Tyrp1",C,C,
4,80848328,"rs584242873","C/T","I:Tyrp1","Tyrp1",C,C,
4,80848342,"rs212372516","A/G","I:Tyrp1","Tyrp1",G,G,
4,80848362,,,"","Tyrp1",G,G,
4,80848436,"rs237164410","A/C","I:Tyrp1","Tyrp1",C,C,
4,80848472,"rs262127074","C/G","I:Tyrp1","Tyrp1",G,G,
4,80848527,"rs217039752","A/G","I:Tyrp1","Tyrp1",G,G,
4,80848536,"rs234276871","C/T","I:Tyrp1","Tyrp1",T,T,
4,80848549,"rs255598595","A/G","I:Tyrp1","Tyrp1",G,G,
4,80848587,"rs223046487","C/T","I:Tyrp1","Tyrp1",T,T,
4,80848589,"rs238479160","C/T","I:Tyrp1","Tyrp1",C,C,
4,80848635,"rs28091442","A/T","I:Tyrp1","Tyrp1",T,T,
4,80848718,"rs28091441","A/C","I:Tyrp1","Tyrp1",C,C,
4,80848727,"rs242805725","A/C","I:Tyrp1","Tyrp1",C,C,
4,80848758,"rs265657667","A/T","I:Tyrp1","Tyrp1",T,T,
4,80848771,"rs226692837","A/G","I:Tyrp1","Tyrp1",A,A,
4,80848774,"rs241464991","C/T","I:Tyrp1","Tyrp1",C,C,
4,80848792,"rs258882757","C/T","I:Tyrp1","Tyrp1",T,T,
4,80848836,"rs224310759","A/G","I:Tyrp1","Tyrp1",A,A,
4,80848838,"rs28091440","C/G","I:Tyrp1","Tyrp1",G,G,
4,80848849,"rs212099884","C/T","I:Tyrp1","Tyrp1",C,C,
4,80848877,"rs32782399","A/G","I:Tyrp1","Tyrp1",G,A,
4,80848889,,,"","Tyrp1",C,C,
4,80848890,,,"","Tyrp1",C,C,
4,80848913,"rs250848403","A/G","I:Tyrp1","Tyrp1",G,G,
4,80848919,"rs216101371","G/T","I:Tyrp1","Tyrp1",G,G,
4,80848921,"rs234188670","A/G","I:Tyrp1","Tyrp1",A,A,
4,80848931,"rs255510506","G/T","I:Tyrp1","Tyrp1",G,G,
4,80848944,"rs216963286","A/G","I:Tyrp1","Tyrp1",G,G,
4,80848956,"rs578763561","C/T","I:Tyrp1","Tyrp1",C,C,
4,80848974,,,"","Tyrp1",C,C,
4,80848981,"rs582144416","C/T","I:Tyrp1","Tyrp1",C,C,
4,80849026,"rs231132936","A/G","I:Tyrp1","Tyrp1",G,G,
4,80849035,"rs261197083","A/C","I:Tyrp1","Tyrp1",C,C,
4,80849054,"rs222987283","C/T","I:Tyrp1","Tyrp1",C,C,
4,80849069,"rs245602881","A/G","I:Tyrp1","Tyrp1",G,G,
4,80849083,"rs259162130","A/G","I:Tyrp1","Tyrp1",G,G,
4,80849096,"rs220532816","C/T","I:Tyrp1","Tyrp1",C,C,
4,80849108,"rs28091439","A/C","I:Tyrp1","Tyrp1",C,C,
4,80849125,"rs258832302","A/G","I:Tyrp1","Tyrp1",G,G,
4,80849173,"rs32822382","A/T","I:Tyrp1","Tyrp1",T,A,
4,80849174,,,"","Tyrp1",T,T,
4,80849194,"rs241075213","G/T","I:Tyrp1","Tyrp1",G,G,
4,80849233,,,"","Tyrp1",C,C,
4,80849237,"rs580116709","C/T","I:Tyrp1","Tyrp1",C,C,
4,80849306,"rs582417286","A/C","I:Tyrp1","Tyrp1",A,A,
4,80849370,"rs265284082","A/G","I:Tyrp1","Tyrp1",G,G,
4,80849373,"rs230942757","G/T","I:Tyrp1","Tyrp1",G,G,
4,80849518,"rs28091438","C/T","I:Tyrp1","Tyrp1",T,C,
4,80849539,"rs260035322","C/T","I:Tyrp1","Tyrp1",C,C,
4,80849580,"rs28091437","C/G","I:Tyrp1","Tyrp1",C,C,
4,80849602,"rs249017538","A/G","I:Tyrp1","Tyrp1",A,A,
4,80849604,"rs216884505","C/T","I:Tyrp1","Tyrp1",C,C,
4,80849637,"rs237479274","G/T","I:Tyrp1","Tyrp1",T,T,
4,80849647,"rs249430936","A/G","I:Tyrp1","Tyrp1",G,G,
4,80849686,"rs215669534","A/G","I:Tyrp1","Tyrp1",G,G,
4,80849708,"rs236588663","A/T","I:Tyrp1","Tyrp1",T,T,
4,80849709,"rs263156344","A/G","I:Tyrp1","Tyrp1",G,G,
4,80849746,"rs220492945","A/G","Cs:Tyrp1:P:426","Tyrp1",G,G,
4,80849758,"rs234947392","A/T","Cs:Tyrp1:A:430","Tyrp1",A,A,
4,80849845,"rs252457757","C/T","Cs:Tyrp1:N:459","Tyrp1",T,T,
4,80849879,"rs218510628","C/T","I:Tyrp1","Tyrp1",C,C,
4,80849891,"rs243882659","G/T","I:Tyrp1","Tyrp1",G,G,
4,80849909,"rs28091436","G/T","I:Tyrp1","Tyrp1",T,T,
4,80849924,"rs222065427","A/T","I:Tyrp1","Tyrp1",A,A,
4,80849950,"rs246444504","C/T","I:Tyrp1","Tyrp1",C,C,
4,80849962,"rs259993490","A/T","I:Tyrp1","Tyrp1",A,A,
4,80849964,"rs227418176","A/T","I:Tyrp1","Tyrp1",A,A,
4,80850006,"rs586480696","C/T","I:Tyrp1","Tyrp1",T,T,
4,80850010,"rs580367317","A/G","I:Tyrp1","Tyrp1",G,G,
4,80850041,"rs248940054","C/T","I:Tyrp1","Tyrp1",C,C,
4,80850070,"rs260789158","A/G","I:Tyrp1","Tyrp1",G,G,
4,80850077,"rs229111378","C/T","I:Tyrp1","Tyrp1",C,C,
4,80850087,"rs253126087","C/T","I:Tyrp1","Tyrp1",T,T,
4,80850089,"rs215114512","C/T","I:Tyrp1","Tyrp1",C,C,
4,80850107,"rs238557213","A/G","I:Tyrp1","Tyrp1",A,A,
4,80850136,"rs246355547","A/T","I:Tyrp1","Tyrp1",T,T,
4,80850168,,,"","Tyrp1",C,C,
4,80850250,"rs28091435","A/G","I:Tyrp1","Tyrp1",A,A,
4,80850251,"rs234858458","A/G","I:Tyrp1","Tyrp1",A,A,
4,80850376,"rs252434160","A/G","I:Tyrp1","Tyrp1",A,A,
4,80850395,"rs220772725","G/T","I:Tyrp1","Tyrp1",G,G,
4,80850400,"rs234483432","C/T","I:Tyrp1","Tyrp1",C,C,
4,80850432,"rs262379505","A/T","I:Tyrp1","Tyrp1",T,T,
4,80850453,"rs222501617","A/T","I:Tyrp1","Tyrp1",T,T,
4,80850466,"rs32569560","A/G","I:Tyrp1","Tyrp1",G,A,
4,80850478,"rs28091434","A/G","I:Tyrp1","Tyrp1",A,A,
4,80850498,"rs28091433","C/G","I:Tyrp1","Tyrp1",G,G,
4,80850504,"rs242857017","A/G","I:Tyrp1","Tyrp1",G,G,
4,80850626,"rs260717378","A/G","I:Tyrp1","Tyrp1",G,G,
4,80850631,"rs229432113","A/G","I:Tyrp1","Tyrp1",A,A,
4,80850647,"rs241474587","C/T","I:Tyrp1","Tyrp1",T,T,
4,80850729,"rs28091432","C/T","Cs:Tyrp1:L:487 I:Tyrp1","Tyrp1",T,T,
4,80850757,,,"","Tyrp1",T,T,
4,80850771,,,"","Tyrp1",A,A,
4,80850812,,,"","Tyrp1",C,C,
4,80850890,"rs31891477","A/G","U3:Tyrp1 Cn:Tyrp1:RH:506","Tyrp1",G,A,
4,80850898,"rs246277941","A/G","U3:Tyrp1 Cn:Tyrp1:IV:509","Tyrp1",A,A,
4,80850904,"rs215561486","G/T","U3:Tyrp1 Cn:Tyrp1:AS:511","Tyrp1",G,G,
4,80850915,"rs229590182","C/G","U3:Tyrp1 Cn:Tyrp1:RS:514","Tyrp1",G,G,
4,80850930,"rs583222247","A/G","U3:Tyrp1 Cs:Tyrp1:L:519","Tyrp1",G,G,
4,80850944,,,"","Tyrp1",T,T,
4,80851030,"rs3091051","A/G","U3:Tyrp1 Cn:Tyrp1:VI:553","Tyrp1",G,G,
4,80851044,"rs3022980","C/T","U3:Tyrp1","Tyrp1",T,C,
4,80851049,,,"","Tyrp1",G,G,
4,80851068,"rs212542292","A/T","U3:Tyrp1","Tyrp1",A,A,
4,80851085,"rs3091053","A/G","U3:Tyrp1","Tyrp1",A,A,
4,80851095,"rs3091054","C/T","U3:Tyrp1","Tyrp1",T,T,
4,80851116,"rs3022981","G/T","U3:Tyrp1","Tyrp1",T,G,
4,80851156,"rs586698715","A/G","U3:Tyrp1","Tyrp1",G,G,
4,80851181,"rs28091431","C/G","U3:Tyrp1","Tyrp1",C,C,
4,80851195,,,"","Tyrp1",T,T,
4,80851215,"rs579899896","C/T","U3:Tyrp1","Tyrp1",C,C,
4,80851228,"rs214001533","C/G","U3:Tyrp1","Tyrp1",G,G,
4,80851229,"rs234668164","C/G","U3:Tyrp1","Tyrp1",C,C,
4,80851243,,,"","Tyrp1",G,G,
4,80851251,,,"","Tyrp1",G,G,
4,80851253,"rs28091429","A/G","U3:Tyrp1","Tyrp1",G,G,
4,80851310,,,"","Tyrp1",G,G,
4,80851314,"rs583345457","A/C","U3:Tyrp1","Tyrp1",C,C,
4,80851339,,,"","Tyrp1",A,A,
4,80851341,"rs586955540","A/G","U3:Tyrp1","Tyrp1",A,A,
4,80851356,,,"","Tyrp1",T,T,
4,80851379,"rs28091428","G/T","U3:Tyrp1","Tyrp1",T,T,
4,80851388,"rs581323964","A/C","U3:Tyrp1","Tyrp1",C,C,
4,80851429,"rs223423757","A/G","U3:Tyrp1","Tyrp1",A,A,
4,80851430,"rs242005891","C/G","U3:Tyrp1","Tyrp1",G,G,
4,80851443,"rs28091427","A/T","U3:Tyrp1","Tyrp1",A,A,
4,80851454,,,"","Tyrp1",G,G,
4,80851479,"rs221725385","A/C","U3:Tyrp1","Tyrp1",C,C,
4,80851485,"rs244174921","C/T","U3:Tyrp1","Tyrp1",T,T,
4,80851559,,,"","Tyrp1",T,T,
4,80851563,"rs262865196","C/T","U3:Tyrp1","Tyrp1",C,C,
4,80851564,,,"","Tyrp1",G,G,
4,80851579,,,"","Tyrp1",G,G,
4,80851623,,,"","Tyrp1",A,A,
4,80851628,,,"","Tyrp1",A,A,
4,80851638,,,"","Tyrp1",T,T,
4,80851639,,,"","Tyrp1",C,C,
4,80851647,,,"","Tyrp1",C,C,
4,80851685,,,"","Tyrp1",C,C,

